gender,avg_intelligence,avg_strength,avg_speed,avg_power
-,25.0,10.0,35.0,21.0
Female,45.25,33.0,28.75,38.583333333333336
Male,47.81333333333333,41.57333333333333,32.29333333333334,50.53333333333333
